name,bus0,bus1,carrier,technology,capacity_gw,original_capacity_gw
0,RO.10_1_AC,RO.12_1_AC,AC,AC,5.156934153685164,3.753700510163271
1,RO.10_1_AC,RO.20_1_AC,AC,AC,2.581592841126324,0.9831120383760948
10,RO.12_1_AC,RO.15_1_AC,AC,AC,2.787954453996873,1.7874764334110813
11,RO.12_1_AC,RO.20_1_AC,AC,AC,0.26011154292185185,0.12288900479701186
12,RO.12_1_AC,RO.25_1_AC,AC,AC,1.6135977934775767,0.4915560191880474
13,RO.13_1_AC,RO.23_1_AC,AC,AC,0.6571341357922139,0.2457780095940237
14,RO.13_1_AC,RO.28_1_AC,AC,AC,5.599413936559167,1.2288900479701186
15,RO.13_1_AC,RO.38_1_AC,AC,AC,2.7474025743030697,1.2288900479701186
16,RO.14_1_AC,RO.1_1_AC,AC,AC,1.3322495550707125,1.2288900479701186
17,RO.14_1_AC,RO.29_1_AC,AC,AC,2.279032963561084,2.279032452599129
18,RO.14_1_AC,RO.33_1_AC,AC,AC,1.1373649496357006,0.9831120383760948
19,RO.14_1_AC,RO.34_1_AC,AC,AC,1.7874767762721304,1.7874764334110813
2,RO.10_1_AC,RO.21_1_AC,AC,AC,1.787477257033637,1.7874764334110813
20,RO.14_1_AC,RO.5_1_AC,AC,AC,0.22660100331298022,0.12288900479701186
21,RO.14_1_AC,RO.6_1_AC,AC,AC,0.9356000385540547,0.36866701439103555
22,RO.15_1_AC,RO.25_1_AC,AC,AC,7.27279475204451,7.272794738441338
23,RO.15_1_AC,RO.39_1_AC,AC,AC,5.731096334278596,5.73109631462428
24,RO.16_1_AC,RO.22_1_AC,AC,AC,0.3247520003066819,0.12288900479701186
25,RO.16_1_AC,RO.4_1_AC,AC,AC,3.803420333769857,1.7874764334110813
26,RO.16_1_AC,RO.8_1_AC,AC,AC,3.7431582120706115,2.279032452599129
27,RO.17_1_AC,RO.20_1_AC,AC,AC,0.31324409397451214,0.2457780095940237
28,RO.17_1_AC,RO.32_1_AC,AC,AC,2.280375352099246,1.3517790527671303
29,RO.17_1_AC,RO.37_1_AC,AC,AC,0.24032128219258345,0.12288900479701186
3,RO.10_1_AC,RO.25_1_AC,AC,AC,3.7537293766979563,1.7874764334110813
30,RO.17_1_AC,RO.3_1_AC,AC,AC,2.005105739322521,1.1060010431731067
31,RO.18_1_AC,RO.21_1_AC,AC,AC,1.3189795862664824,1.2288900479701186
32,RO.18_1_AC,RO.28_1_AC,AC,AC,1.8625730848488855,1.5975570623611541
33,RO.18_1_AC,RO.31_1_AC,AC,AC,3.563781260039519,3.5637811391133436
34,RO.19_1_AC,RO.39_1_AC,AC,AC,3.697843996300934,3.6978418716191745
35,RO.19_1_AC,RO.42_1_AC,AC,AC,1.9133515848606826,0.7373340287820711
36,RO.19_1_AC,RO.4_1_AC,AC,AC,3.366336939652365,1.7874764334110813
37,RO.19_1_AC,RO.9_1_AC,AC,AC,3.2568644448553528,2.524810462193152
38,RO.1_1_AC,RO.23_1_AC,AC,AC,2.8453793560358136,2.5248104621931526
39,RO.1_1_AC,RO.29_1_AC,AC,AC,0.6144450864663994,0.6144450239850593
40,RO.1_1_AC,RO.35_1_AC,AC,AC,3.6548340201605947,2.156143447802117
42,RO.20_1_AC,RO.37_1_AC,AC,AC,3.025181890052171,1.3517790527671305
43,RO.21_1_AC,RO.23_1_AC,AC,AC,1.6516943489448725,0.4915560191880474
44,RO.21_1_AC,RO.28_1_AC,AC,AC,2.5763475820755675,2.033254443005105
45,RO.21_1_AC,RO.31_1_AC,AC,AC,3.5749530259882447,3.5749528668221626
46,RO.21_1_AC,RO.3_1_AC,AC,AC,1.787478115337658,1.7874764334110813
47,RO.21_1_AC,RO.40_1_AC,AC,AC,0.416199259319206,0.2457780095940237
48,RO.22_1_AC,RO.29_1_AC,AC,AC,1.7864166857353945,0.860223033579083
49,RO.22_1_AC,RO.30_1_AC,AC,AC,1.8877143984251965,0.4915560191880474
5,RO.10_1_AC,RO.31_1_AC,AC,AC,2.9121481668306135,1.7874764334110813
50,RO.22_1_AC,RO.4_1_AC,AC,AC,0.4589305195089512,0.12288900479701186
51,RO.23_1_AC,RO.2_1_AC,AC,AC,2.831978780310933,2.156143447802117
52,RO.23_1_AC,RO.38_1_AC,AC,AC,0.933309734598285,0.4915560191880474
53,RO.24_1_AC,RO.30_1_AC,AC,AC,0.9572512438618491,0.36866701439103555
54,RO.24_1_AC,RO.36_1_AC,AC,AC,0.9841866082617943,0.4915560191880474
55,RO.24_1_AC,RO.41_1_AC,AC,AC,1.2288950764401472,1.2288900479701186
56,RO.25_1_AC,RO.32_1_AC,AC,AC,0.28928747686900197,0.12288900479701186
57,RO.25_1_AC,RO.9_1_AC,AC,AC,2.8821274064566365,1.9103654382080932
59,RO.27_1_AC,RO.29_1_AC,AC,AC,0.4978625879131521,0.4915560191880474
6,RO.10_1_AC,RO.32_1_AC,AC,AC,1.7874773523190648,1.7874764334110813
60,RO.27_1_AC,RO.33_1_AC,AC,AC,0.7373354377655545,0.7373340287820711
61,RO.27_1_AC,RO.34_1_AC,AC,AC,1.2288916646140609,1.2288900479701186
62,RO.28_1_AC,RO.31_1_AC,AC,AC,1.7874776863305863,1.7874764334110813
63,RO.29_1_AC,RO.35_1_AC,AC,AC,2.69147626835923,2.0332544430051054
64,RO.29_1_AC,RO.6_1_AC,AC,AC,0.38533610550703096,0.12288900479701186
65,RO.29_1_AC,RO.8_1_AC,AC,AC,0.5021648431188486,0.2457780095940237
66,RO.2_1_AC,RO.38_1_AC,AC,AC,2.312869101524339,1.2288900479701186
67,RO.2_1_AC,RO.5_1_AC,AC,AC,2.1561458286593544,2.156143447802117
68,RO.30_1_AC,RO.36_1_AC,AC,AC,3.9747489658304858,2.033254443005105
69,RO.30_1_AC,RO.4_1_AC,AC,AC,5.170287061207463,2.647699466990164
7,RO.11_1_AC,RO.32_1_AC,AC,AC,3.118021048811952,0.7373340287820711
70,RO.31_1_AC,RO.37_1_AC,AC,AC,1.740564801246173,0.9831120383760948
71,RO.31_1_AC,RO.3_1_AC,AC,AC,2.0948104220907866,1.7874764334110813
72,RO.31_1_AC,RO.40_1_AC,AC,AC,0.514007791674097,0.36866701439103555
73,RO.32_1_AC,RO.8_1_AC,AC,AC,3.58514821099304,2.033254443005105
74,RO.33_1_AC,RO.34_1_AC,AC,AC,0.15627178320734408,0.12288900479701186
75,RO.33_1_AC,RO.5_1_AC,AC,AC,0.4954429360914697,0.2457780095940237
76,RO.34_1_AC,RO.5_1_AC,AC,AC,1.7874765516620033,1.7874764334110813
77,RO.35_1_AC,RO.3_1_AC,AC,AC,2.67623906853748,1.7874764334110813
78,RO.35_1_AC,RO.40_1_AC,AC,AC,1.6242168404816149,1.1060010431731067
79,RO.35_1_AC,RO.8_1_AC,AC,AC,2.838602655510336,2.156143447802117
8,RO.11_1_AC,RO.42_1_AC,AC,AC,0.5388831512601088,0.12288900479701186
80,RO.36_1_AC,RO.7_1_AC,AC,AC,2.7114368458760434,0.7373340287820711
81,RO.39_1_AC,RO.9_1_AC,AC,AC,1.910366144397956,1.9103654382080932
82,RO.3_1_AC,RO.40_1_AC,AC,AC,1.3517809888760683,1.3517790527671303
83,RO.3_1_AC,RO.8_1_AC,AC,AC,2.316961974056687,1.7874764334110813
84,RO.41_1_AC,RO.42_1_AC,AC,AC,0.44737960801727084,0.12288900479701186
85,RO.41_1_AC,RO.4_1_AC,AC,AC,1.9260091629305176,0.9831120383760948
86,RO.42_1_AC,RO.4_1_AC,AC,AC,2.281341997663156,1.2288900479701186
9,RO.11_1_AC,RO.9_1_AC,AC,AC,0.49675590543817566,0.12288900479701186
H2 pipeline RO.10_1_AC -> RO.20_1_AC repurposed,RO.10_1_AC,RO.20_1_AC,H2,H2 pipeline repurposed,0.0010138644586782156,0.0
H2 pipeline RO.10_1_AC -> RO.25_1_AC repurposed,RO.10_1_AC,RO.25_1_AC,H2,H2 pipeline repurposed,0.0,0.0
H2 pipeline RO.11_1_AC -> RO.9_1_AC repurposed,RO.11_1_AC,RO.9_1_AC,H2,H2 pipeline repurposed,0.0,0.0
H2 pipeline RO.12_1_AC -> RO.20_1_AC repurposed,RO.12_1_AC,RO.20_1_AC,H2,H2 pipeline repurposed,0.0005410068069906484,0.0
H2 pipeline RO.13_1_AC -> RO.23_1_AC repurposed,RO.13_1_AC,RO.23_1_AC,H2,H2 pipeline repurposed,0.0004977336970184139,0.0
H2 pipeline RO.13_1_AC -> RO.38_1_AC repurposed,RO.13_1_AC,RO.38_1_AC,H2,H2 pipeline repurposed,0.0005997073125820592,0.0
H2 pipeline RO.14_1_AC -> RO.27_1_AC repurposed,RO.14_1_AC,RO.27_1_AC,H2,H2 pipeline repurposed,0.0,0.0
H2 pipeline RO.15_1_AC -> RO.12_1_AC repurposed,RO.15_1_AC,RO.12_1_AC,H2,H2 pipeline repurposed,0.0004905110988716586,0.0
H2 pipeline RO.15_1_AC -> RO.39_1_AC repurposed,RO.15_1_AC,RO.39_1_AC,H2,H2 pipeline repurposed,0.0004865393258250108,0.0
H2 pipeline RO.16_1_AC -> RO.22_1_AC repurposed,RO.16_1_AC,RO.22_1_AC,H2,H2 pipeline repurposed,0.0,0.0
H2 pipeline RO.16_1_AC -> RO.4_1_AC repurposed,RO.16_1_AC,RO.4_1_AC,H2,H2 pipeline repurposed,0.0,0.0
H2 pipeline RO.17_1_AC -> RO.10_1_AC repurposed,RO.17_1_AC,RO.10_1_AC,H2,H2 pipeline repurposed,0.0007434437487081013,0.0
H2 pipeline RO.17_1_AC -> RO.37_1_AC repurposed,RO.17_1_AC,RO.37_1_AC,H2,H2 pipeline repurposed,0.0,0.0
H2 pipeline RO.17_1_AC -> RO.3_1_AC repurposed,RO.17_1_AC,RO.3_1_AC,H2,H2 pipeline repurposed,0.0008182086860221258,0.0
H2 pipeline RO.19_1_AC -> RO.42_1_AC repurposed,RO.19_1_AC,RO.42_1_AC,H2,H2 pipeline repurposed,0.0,0.0
H2 pipeline RO.1_1_AC -> RO.23_1_AC repurposed,RO.1_1_AC,RO.23_1_AC,H2,H2 pipeline repurposed,0.0,0.0
H2 pipeline RO.1_1_AC -> RO.35_1_AC repurposed,RO.1_1_AC,RO.35_1_AC,H2,H2 pipeline repurposed,0.0,0.0
H2 pipeline RO.20_1_AC -> RO.10_1_AC repurposed,RO.20_1_AC,RO.10_1_AC,H2,H2 pipeline repurposed,0.0,0.0
H2 pipeline RO.20_1_AC -> RO.17_1_AC repurposed,RO.20_1_AC,RO.17_1_AC,H2,H2 pipeline repurposed,0.0005869012501792845,0.0
H2 pipeline RO.21_1_AC -> RO.23_1_AC repurposed,RO.21_1_AC,RO.23_1_AC,H2,H2 pipeline repurposed,0.0005478487305320721,0.0
H2 pipeline RO.21_1_AC -> RO.40_1_AC repurposed,RO.21_1_AC,RO.40_1_AC,H2,H2 pipeline repurposed,0.0007547387353388043,0.0
H2 pipeline RO.22_1_AC -> RO.29_1_AC repurposed,RO.22_1_AC,RO.29_1_AC,H2,H2 pipeline repurposed,0.0,0.0
H2 pipeline RO.22_1_AC -> RO.8_1_AC repurposed,RO.22_1_AC,RO.8_1_AC,H2,H2 pipeline repurposed,0.0,0.0
H2 pipeline RO.23_1_AC -> RO.13_1_AC repurposed,RO.23_1_AC,RO.13_1_AC,H2,H2 pipeline repurposed,0.0005049512327210303,0.0
H2 pipeline RO.23_1_AC -> RO.1_1_AC repurposed,RO.23_1_AC,RO.1_1_AC,H2,H2 pipeline repurposed,0.0,0.0
H2 pipeline RO.23_1_AC -> RO.21_1_AC repurposed,RO.23_1_AC,RO.21_1_AC,H2,H2 pipeline repurposed,0.0005316585473714282,0.0
H2 pipeline RO.25_1_AC -> RO.11_1_AC repurposed,RO.25_1_AC,RO.11_1_AC,H2,H2 pipeline repurposed,0.0,0.0
H2 pipeline RO.27_1_AC -> RO.33_1_AC repurposed,RO.27_1_AC,RO.33_1_AC,H2,H2 pipeline repurposed,0.0005402504960834629,0.0
H2 pipeline RO.27_1_AC -> RO.34_1_AC repurposed,RO.27_1_AC,RO.34_1_AC,H2,H2 pipeline repurposed,0.0,0.0
H2 pipeline RO.29_1_AC -> RO.14_1_AC repurposed,RO.29_1_AC,RO.14_1_AC,H2,H2 pipeline repurposed,0.0,0.0
H2 pipeline RO.29_1_AC -> RO.22_1_AC repurposed,RO.29_1_AC,RO.22_1_AC,H2,H2 pipeline repurposed,0.0,0.0
H2 pipeline RO.29_1_AC -> RO.35_1_AC repurposed,RO.29_1_AC,RO.35_1_AC,H2,H2 pipeline repurposed,0.0,0.0
H2 pipeline RO.2_1_AC -> RO.38_1_AC repurposed,RO.2_1_AC,RO.38_1_AC,H2,H2 pipeline repurposed,0.00072997650696525,0.0
H2 pipeline RO.2_1_AC -> RO.5_1_AC repurposed,RO.2_1_AC,RO.5_1_AC,H2,H2 pipeline repurposed,0.0005427699993139927,0.0
H2 pipeline RO.30_1_AC -> RO.24_1_AC repurposed,RO.30_1_AC,RO.24_1_AC,H2,H2 pipeline repurposed,0.0,0.0
H2 pipeline RO.31_1_AC -> RO.3_1_AC repurposed,RO.31_1_AC,RO.3_1_AC,H2,H2 pipeline repurposed,0.0005144341359151032,0.0
H2 pipeline RO.31_1_AC -> RO.40_1_AC repurposed,RO.31_1_AC,RO.40_1_AC,H2,H2 pipeline repurposed,0.0005169183957535761,0.0
H2 pipeline RO.32_1_AC -> RO.17_1_AC repurposed,RO.32_1_AC,RO.17_1_AC,H2,H2 pipeline repurposed,0.0,0.0
H2 pipeline RO.33_1_AC -> RO.14_1_AC repurposed,RO.33_1_AC,RO.14_1_AC,H2,H2 pipeline repurposed,0.0008512081860359679,0.0
H2 pipeline RO.34_1_AC -> RO.27_1_AC repurposed,RO.34_1_AC,RO.27_1_AC,H2,H2 pipeline repurposed,0.0005565411685152995,0.0
H2 pipeline RO.35_1_AC -> RO.1_1_AC repurposed,RO.35_1_AC,RO.1_1_AC,H2,H2 pipeline repurposed,0.0,0.0
H2 pipeline RO.35_1_AC -> RO.29_1_AC repurposed,RO.35_1_AC,RO.29_1_AC,H2,H2 pipeline repurposed,0.0,0.0
H2 pipeline RO.35_1_AC -> RO.8_1_AC repurposed,RO.35_1_AC,RO.8_1_AC,H2,H2 pipeline repurposed,0.0,0.0
H2 pipeline RO.36_1_AC -> RO.7_1_AC repurposed,RO.36_1_AC,RO.7_1_AC,H2,H2 pipeline repurposed,0.0005569776782158991,0.0
H2 pipeline RO.37_1_AC -> RO.20_1_AC repurposed,RO.37_1_AC,RO.20_1_AC,H2,H2 pipeline repurposed,0.0,0.0
H2 pipeline RO.38_1_AC -> RO.13_1_AC repurposed,RO.38_1_AC,RO.13_1_AC,H2,H2 pipeline repurposed,0.0005733978864575067,0.0
H2 pipeline RO.38_1_AC -> RO.2_1_AC repurposed,RO.38_1_AC,RO.2_1_AC,H2,H2 pipeline repurposed,0.0006903343239402534,0.0
H2 pipeline RO.3_1_AC -> RO.17_1_AC repurposed,RO.3_1_AC,RO.17_1_AC,H2,H2 pipeline repurposed,0.00090664550700433,0.0
H2 pipeline RO.3_1_AC -> RO.31_1_AC repurposed,RO.3_1_AC,RO.31_1_AC,H2,H2 pipeline repurposed,0.0005319575862538005,0.0
H2 pipeline RO.40_1_AC -> RO.21_1_AC repurposed,RO.40_1_AC,RO.21_1_AC,H2,H2 pipeline repurposed,0.000698684664944193,0.0
H2 pipeline RO.40_1_AC -> RO.31_1_AC repurposed,RO.40_1_AC,RO.31_1_AC,H2,H2 pipeline repurposed,0.0005006596859760552,0.0
H2 pipeline RO.42_1_AC -> RO.4_1_AC repurposed,RO.42_1_AC,RO.4_1_AC,H2,H2 pipeline repurposed,0.0,0.0
H2 pipeline RO.4_1_AC -> RO.16_1_AC repurposed,RO.4_1_AC,RO.16_1_AC,H2,H2 pipeline repurposed,0.0,0.0
H2 pipeline RO.4_1_AC -> RO.30_1_AC repurposed,RO.4_1_AC,RO.30_1_AC,H2,H2 pipeline repurposed,0.0,0.0
H2 pipeline RO.5_1_AC -> RO.34_1_AC repurposed,RO.5_1_AC,RO.34_1_AC,H2,H2 pipeline repurposed,0.0004385870104323356,0.0
H2 pipeline RO.7_1_AC -> RO.24_1_AC repurposed,RO.7_1_AC,RO.24_1_AC,H2,H2 pipeline repurposed,0.0005561815265229778,0.0
H2 pipeline RO.8_1_AC -> RO.16_1_AC repurposed,RO.8_1_AC,RO.16_1_AC,H2,H2 pipeline repurposed,0.0,0.0
H2 pipeline RO.8_1_AC -> RO.32_1_AC repurposed,RO.8_1_AC,RO.32_1_AC,H2,H2 pipeline repurposed,0.0,0.0
H2 pipeline RO.9_1_AC -> RO.19_1_AC repurposed,RO.9_1_AC,RO.19_1_AC,H2,H2 pipeline repurposed,0.0,0.0
H2 pipeline RO.10_1_AC -> RO.20_1_AC,RO.10_1_AC,RO.20_1_AC,H2,H2 pipeline,0.0004750796385746723,0.0
H2 pipeline RO.10_1_AC -> RO.25_1_AC,RO.10_1_AC,RO.25_1_AC,H2,H2 pipeline,0.00022522758195430554,0.0
H2 pipeline RO.11_1_AC -> RO.9_1_AC,RO.11_1_AC,RO.9_1_AC,H2,H2 pipeline,0.00027004352060683485,0.0
H2 pipeline RO.12_1_AC -> RO.20_1_AC,RO.12_1_AC,RO.20_1_AC,H2,H2 pipeline,0.00023572873728674957,0.0
H2 pipeline RO.13_1_AC -> RO.23_1_AC,RO.13_1_AC,RO.23_1_AC,H2,H2 pipeline,0.0002231549996240651,0.0
H2 pipeline RO.13_1_AC -> RO.38_1_AC,RO.13_1_AC,RO.38_1_AC,H2,H2 pipeline,0.00024410281314045303,0.0
H2 pipeline RO.14_1_AC -> RO.27_1_AC,RO.14_1_AC,RO.27_1_AC,H2,H2 pipeline,0.00019997844516006497,0.0
H2 pipeline RO.15_1_AC -> RO.12_1_AC,RO.15_1_AC,RO.12_1_AC,H2,H2 pipeline,0.00022692421438412223,0.0
H2 pipeline RO.15_1_AC -> RO.39_1_AC,RO.15_1_AC,RO.39_1_AC,H2,H2 pipeline,0.00022164894550497823,0.0
H2 pipeline RO.16_1_AC -> RO.22_1_AC,RO.16_1_AC,RO.22_1_AC,H2,H2 pipeline,0.0002651140690943663,0.0
H2 pipeline RO.16_1_AC -> RO.4_1_AC,RO.16_1_AC,RO.4_1_AC,H2,H2 pipeline,0.0002608212611470557,0.0
H2 pipeline RO.17_1_AC -> RO.10_1_AC,RO.17_1_AC,RO.10_1_AC,H2,H2 pipeline,0.00031472794975918406,0.0
H2 pipeline RO.17_1_AC -> RO.37_1_AC,RO.17_1_AC,RO.37_1_AC,H2,H2 pipeline,0.00022157647622745368,0.0
H2 pipeline RO.17_1_AC -> RO.3_1_AC,RO.17_1_AC,RO.3_1_AC,H2,H2 pipeline,0.0004126276546329507,0.0
H2 pipeline RO.19_1_AC -> RO.42_1_AC,RO.19_1_AC,RO.42_1_AC,H2,H2 pipeline,0.00033120298282815524,0.0
H2 pipeline RO.1_1_AC -> RO.23_1_AC,RO.1_1_AC,RO.23_1_AC,H2,H2 pipeline,0.000316761568473531,0.0
H2 pipeline RO.1_1_AC -> RO.35_1_AC,RO.1_1_AC,RO.35_1_AC,H2,H2 pipeline,0.00029251899072690575,0.0
H2 pipeline RO.20_1_AC -> RO.10_1_AC,RO.20_1_AC,RO.10_1_AC,H2,H2 pipeline,0.00046191012060296994,0.0
H2 pipeline RO.20_1_AC -> RO.17_1_AC,RO.20_1_AC,RO.17_1_AC,H2,H2 pipeline,0.00023537334160589598,0.0
H2 pipeline RO.21_1_AC -> RO.23_1_AC,RO.21_1_AC,RO.23_1_AC,H2,H2 pipeline,0.00023437136514322437,0.0
H2 pipeline RO.21_1_AC -> RO.40_1_AC,RO.21_1_AC,RO.40_1_AC,H2,H2 pipeline,0.0003204374457569261,0.0
H2 pipeline RO.22_1_AC -> RO.29_1_AC,RO.22_1_AC,RO.29_1_AC,H2,H2 pipeline,0.00030132907542642365,0.0
H2 pipeline RO.22_1_AC -> RO.8_1_AC,RO.22_1_AC,RO.8_1_AC,H2,H2 pipeline,0.00023004795270672776,0.0
H2 pipeline RO.23_1_AC -> RO.13_1_AC,RO.23_1_AC,RO.13_1_AC,H2,H2 pipeline,0.00021580012534159332,0.0
H2 pipeline RO.23_1_AC -> RO.1_1_AC,RO.23_1_AC,RO.1_1_AC,H2,H2 pipeline,0.0003146964212508722,0.0
H2 pipeline RO.23_1_AC -> RO.21_1_AC,RO.23_1_AC,RO.21_1_AC,H2,H2 pipeline,0.00023942195361962177,0.0
H2 pipeline RO.25_1_AC -> RO.11_1_AC,RO.25_1_AC,RO.11_1_AC,H2,H2 pipeline,0.00025644816932975036,0.0
H2 pipeline RO.27_1_AC -> RO.33_1_AC,RO.27_1_AC,RO.33_1_AC,H2,H2 pipeline,0.00024810146894408834,0.0
H2 pipeline RO.27_1_AC -> RO.34_1_AC,RO.27_1_AC,RO.34_1_AC,H2,H2 pipeline,0.00025025164221302424,0.0
H2 pipeline RO.29_1_AC -> RO.14_1_AC,RO.29_1_AC,RO.14_1_AC,H2,H2 pipeline,0.00024315568541269288,0.0
H2 pipeline RO.29_1_AC -> RO.22_1_AC,RO.29_1_AC,RO.22_1_AC,H2,H2 pipeline,0.0003069217270378072,0.0
H2 pipeline RO.29_1_AC -> RO.35_1_AC,RO.29_1_AC,RO.35_1_AC,H2,H2 pipeline,0.0002287883583271357,0.0
H2 pipeline RO.2_1_AC -> RO.38_1_AC,RO.2_1_AC,RO.38_1_AC,H2,H2 pipeline,0.0003094900800160466,0.0
H2 pipeline RO.2_1_AC -> RO.5_1_AC,RO.2_1_AC,RO.5_1_AC,H2,H2 pipeline,0.00026115635885112234,0.0
H2 pipeline RO.30_1_AC -> RO.24_1_AC,RO.30_1_AC,RO.24_1_AC,H2,H2 pipeline,0.0002877747505109211,0.0
H2 pipeline RO.31_1_AC -> RO.3_1_AC,RO.31_1_AC,RO.3_1_AC,H2,H2 pipeline,0.00023079923638470343,0.0
H2 pipeline RO.31_1_AC -> RO.40_1_AC,RO.31_1_AC,RO.40_1_AC,H2,H2 pipeline,0.00022054094083527611,0.0
H2 pipeline RO.32_1_AC -> RO.17_1_AC,RO.32_1_AC,RO.17_1_AC,H2,H2 pipeline,0.0004461157447833214,0.0
H2 pipeline RO.33_1_AC -> RO.14_1_AC,RO.33_1_AC,RO.14_1_AC,H2,H2 pipeline,0.0004268041864724186,0.0
H2 pipeline RO.34_1_AC -> RO.27_1_AC,RO.34_1_AC,RO.27_1_AC,H2,H2 pipeline,0.0002594663795975592,0.0
H2 pipeline RO.35_1_AC -> RO.1_1_AC,RO.35_1_AC,RO.1_1_AC,H2,H2 pipeline,0.0002989682417983667,0.0
H2 pipeline RO.35_1_AC -> RO.29_1_AC,RO.35_1_AC,RO.29_1_AC,H2,H2 pipeline,0.00023654774613397794,0.0
H2 pipeline RO.35_1_AC -> RO.8_1_AC,RO.35_1_AC,RO.8_1_AC,H2,H2 pipeline,0.0002520587691503903,0.0
H2 pipeline RO.36_1_AC -> RO.7_1_AC,RO.36_1_AC,RO.7_1_AC,H2,H2 pipeline,0.0002600839648612097,0.0
H2 pipeline RO.37_1_AC -> RO.20_1_AC,RO.37_1_AC,RO.20_1_AC,H2,H2 pipeline,0.0004014180437099572,0.0
H2 pipeline RO.38_1_AC -> RO.13_1_AC,RO.38_1_AC,RO.13_1_AC,H2,H2 pipeline,0.0002523039689165521,0.0
H2 pipeline RO.38_1_AC -> RO.2_1_AC,RO.38_1_AC,RO.2_1_AC,H2,H2 pipeline,0.00029461685948009163,0.0
H2 pipeline RO.3_1_AC -> RO.17_1_AC,RO.3_1_AC,RO.17_1_AC,H2,H2 pipeline,0.0004225741791622348,0.0
H2 pipeline RO.3_1_AC -> RO.31_1_AC,RO.3_1_AC,RO.31_1_AC,H2,H2 pipeline,0.00022471887613855775,0.0
H2 pipeline RO.40_1_AC -> RO.21_1_AC,RO.40_1_AC,RO.21_1_AC,H2,H2 pipeline,0.00031445728272702503,0.0
H2 pipeline RO.40_1_AC -> RO.31_1_AC,RO.40_1_AC,RO.31_1_AC,H2,H2 pipeline,0.00022524572746104838,0.0
H2 pipeline RO.42_1_AC -> RO.4_1_AC,RO.42_1_AC,RO.4_1_AC,H2,H2 pipeline,0.00028665877479607915,0.0
H2 pipeline RO.4_1_AC -> RO.16_1_AC,RO.4_1_AC,RO.16_1_AC,H2,H2 pipeline,0.0002479834875229795,0.0
H2 pipeline RO.4_1_AC -> RO.30_1_AC,RO.4_1_AC,RO.30_1_AC,H2,H2 pipeline,0.0003047090298837863,0.0
H2 pipeline RO.5_1_AC -> RO.34_1_AC,RO.5_1_AC,RO.34_1_AC,H2,H2 pipeline,0.00022361619999559327,0.0
H2 pipeline RO.7_1_AC -> RO.24_1_AC,RO.7_1_AC,RO.24_1_AC,H2,H2 pipeline,0.00025869418428621017,0.0
H2 pipeline RO.8_1_AC -> RO.16_1_AC,RO.8_1_AC,RO.16_1_AC,H2,H2 pipeline,0.0004058052059530371,0.0
H2 pipeline RO.8_1_AC -> RO.32_1_AC,RO.8_1_AC,RO.32_1_AC,H2,H2 pipeline,0.0002369336156351241,0.0
H2 pipeline RO.9_1_AC -> RO.19_1_AC,RO.9_1_AC,RO.19_1_AC,H2,H2 pipeline,0.0002623601623620289,0.0
